2020-02-07 13:14:08.512,"/Pane[@ClassName=\"#32769\"][@Name=\"Desktop 1\"]/Window[@ClassName=\"#32770\"][starts-with(@Name,\"The Cold Regions Hydrological Model - D:\\CRHM\\DemoMacroTesting\\t\")]/MenuBar[@Name=\"Application\"][@AutomationId=\"MenuBar\"]/MenuItem[@Name=\"Project\"]"
2020-02-07 13:14:10.081,"/Pane[@ClassName=\"#32769\"][@Name=\"Desktop 1\"]/Window[@ClassName=\"#32770\"][starts-with(@Name,\"The Cold Regions Hydrological Model - D:\\CRHM\\DemoMacroTesting\\t\")]/Pane[@ClassName=\"TChartChart\"]"
2020-02-07 13:14:10.101,"/Pane[@ClassName=\"#32769\"][@Name=\"Desktop 1\"]/Window[@ClassName=\"#32770\"][starts-with(@Name,\"The Cold Regions Hydrological Model - D:\\CRHM\\DemoMacroTesting\\t\")]/Pane[@ClassName=\"TChartChart\"]"
2020-02-07 13:14:12.740,"/Pane[@ClassName=\"#32769\"][@Name=\"Desktop 1\"]/Window[@ClassName=\"#32770\"][starts-with(@Name,\"The Cold Regions Hydrological Model - D:\\CRHM\\DemoMacroTesting\\t\")]"
2020-02-07 13:14:12.744,"/Pane[@ClassName=\"#32769\"][@Name=\"Desktop 1\"]/Window[@ClassName=\"#32770\"][starts-with(@Name,\"The Cold Regions Hydrological Model - D:\\CRHM\\DemoMacroTesting\\t\")]"
2020-02-07 13:14:13.432,"/Pane[@ClassName=\"#32769\"][@Name=\"Desktop 1\"]/Window[@ClassName=\"#32770\"][starts-with(@Name,\"The Cold Regions Hydrological Model - D:\\CRHM\\DemoMacroTesting\\t\")]"
2020-02-07 13:14:16.016,"/Pane[@ClassName=\"#32769\"][@Name=\"Desktop 1\"]/Window[@ClassName=\"#32770\"][starts-with(@Name,\"The Cold Regions Hydrological Model - D:\\CRHM\\DemoMacroTesting\\t\")]"
2020-02-07 13:14:16.033,"/Pane[@ClassName=\"#32769\"][@Name=\"Desktop 1\"]/Window[@ClassName=\"#32770\"][starts-with(@Name,\"The Cold Regions Hydrological Model - D:\\CRHM\\DemoMacroTesting\\t\")]"
2020-02-07 13:14:16.039,"/Pane[@ClassName=\"#32769\"][@Name=\"Desktop 1\"]/Window[@ClassName=\"#32770\"][starts-with(@Name,\"The Cold Regions Hydrological Model - D:\\CRHM\\DemoMacroTesting\\t\")]"
2020-02-07 13:16:17.682,"/Pane[@ClassName=\"#32769\"][@Name=\"Desktop 1\"]/Window[@ClassName=\"#32770\"][@Name=\"Dialog\"]"
2020-02-07 13:16:20.621,"/Pane[@ClassName=\"#32769\"][@Name=\"Desktop 1\"]/Window[@ClassName=\"#32770\"][@Name=\"Dialog\"]/Pane[@ClassName=\"TChartChart\"]"
2020-02-07 13:16:20.626,"/Pane[@ClassName=\"#32769\"][@Name=\"Desktop 1\"]/Window[@ClassName=\"#32770\"][@Name=\"Dialog\"]/Pane[@ClassName=\"TChartChart\"]"
2020-02-07 13:16:34.714,"/Pane[@ClassName=\"#32769\"][@Name=\"Desktop 1\"]/Window[@ClassName=\"#32770\"][@Name=\"Dialog\"]/Pane[@ClassName=\"TChartChart\"]"
2020-02-07 13:16:34.719,"/Pane[@ClassName=\"#32769\"][@Name=\"Desktop 1\"]/Window[@ClassName=\"#32770\"][@Name=\"Dialog\"]/Pane[@ClassName=\"TChartChart\"]"
2020-02-07 13:16:36.436,"/Pane[@ClassName=\"#32769\"][@Name=\"Desktop 1\"]/Window[@ClassName=\"#32770\"][@Name=\"Dialog\"]/Button[@ClassName=\"Button\"][@Name=\"Editing Chart\"]"
2020-02-07 13:16:36.441,"/Pane[@ClassName=\"#32769\"][@Name=\"Desktop 1\"]/Window[@ClassName=\"#32770\"][@Name=\"Dialog\"]/Button[@ClassName=\"Button\"][@Name=\"Editing Chart\"]"
2020-02-07 13:16:40.961,"/Pane[@ClassName=\"#32769\"][@Name=\"Desktop 1\"]/Window[@ClassName=\"#32770\"][@Name=\"Dialog\"]/Button[@ClassName=\"Button\"][@Name=\"Editing Chart\"]"
2020-02-07 13:16:40.965,"/Pane[@ClassName=\"#32769\"][@Name=\"Desktop 1\"]/Window[@ClassName=\"#32770\"][@Name=\"Dialog\"]/Button[@ClassName=\"Button\"][@Name=\"Editing Chart\"]"
2020-02-07 13:16:42.753,"/Pane[@ClassName=\"#32769\"][@Name=\"Desktop 1\"]/Window[@ClassName=\"#32770\"][@Name=\"Dialog\"]/Button[@ClassName=\"Button\"][@Name=\"TeeChart Print Preview\"]"
2020-02-07 13:16:42.757,"/Pane[@ClassName=\"#32769\"][@Name=\"Desktop 1\"]/Window[@ClassName=\"#32770\"][@Name=\"Dialog\"]/Button[@ClassName=\"Button\"][@Name=\"TeeChart Print Preview\"]"
2020-02-07 13:16:46.436,"/Pane[@ClassName=\"#32769\"][@Name=\"Desktop 1\"]/Window[@ClassName=\"#32770\"][@Name=\"Dialog\"]/MenuBar[@Name=\"Application\"][@AutomationId=\"MenuBar\"]/MenuItem[@Name=\"Project\"]"
2020-02-07 13:16:46.440,"/Pane[@ClassName=\"#32769\"][@Name=\"Desktop 1\"]/Window[@ClassName=\"#32770\"][@Name=\"Dialog\"]/MenuBar[@Name=\"Application\"][@AutomationId=\"MenuBar\"]/MenuItem[@Name=\"Project\"]"
2020-02-07 13:16:47.055,"/Pane[@ClassName=\"#32769\"][@Name=\"Desktop 1\"]/Window[@ClassName=\"#32770\"][@Name=\"Dialog\"]/MenuBar[@Name=\"Application\"][@AutomationId=\"MenuBar\"]/MenuItem[@Name=\"Project\"]"
2020-02-07 13:17:04.292,"/Pane[@ClassName=\"#32769\"][@Name=\"Desktop 1\"]/Window[@ClassName=\"#32770\"][@Name=\"Dialog\"]/MenuBar[@Name=\"Application\"][@AutomationId=\"MenuBar\"]/MenuItem[@Name=\"Project\"]"
2020-02-07 13:17:04.296,"/Pane[@ClassName=\"#32769\"][@Name=\"Desktop 1\"]/Window[@ClassName=\"#32770\"][@Name=\"Dialog\"]/MenuBar[@Name=\"Application\"][@AutomationId=\"MenuBar\"]/MenuItem[@Name=\"Project\"]"
2020-02-07 13:17:04.311,"/Pane[@ClassName=\"#32769\"][@Name=\"Desktop 1\"]/Window[@ClassName=\"#32770\"][@Name=\"Dialog\"]"
2020-02-07 13:17:15.091,"/Pane[@ClassName=\"#32769\"][@Name=\"Desktop 1\"]/Window[@ClassName=\"#32770\"][@Name=\"Dialog\"]/MenuBar[@Name=\"Application\"][@AutomationId=\"MenuBar\"]/MenuItem[@Name=\"Project\"]"
2020-02-07 13:17:15.094,"/Pane[@ClassName=\"#32769\"][@Name=\"Desktop 1\"]/Window[@ClassName=\"#32770\"][@Name=\"Dialog\"]/MenuBar[@Name=\"Application\"][@AutomationId=\"MenuBar\"]/MenuItem[@Name=\"Project\"]"
2020-02-07 13:17:15.105,"/Pane[@ClassName=\"#32769\"][@Name=\"Desktop 1\"]/Window[@ClassName=\"CabinetWClass\"][@Name=\"UIRecorder\"]"
2020-02-07 13:17:20.744,"/Pane[@ClassName=\"#32769\"][@Name=\"Desktop 1\"]/Window[@ClassName=\"#32770\"][@Name=\"Dialog\"]/MenuBar[@Name=\"Application\"][@AutomationId=\"MenuBar\"]/MenuItem[@Name=\"Project\"]"
2020-02-07 13:17:20.747,"/Pane[@ClassName=\"#32769\"][@Name=\"Desktop 1\"]/Window[@ClassName=\"#32770\"][@Name=\"Dialog\"]/MenuBar[@Name=\"Application\"][@AutomationId=\"MenuBar\"]/MenuItem[@Name=\"Project\"]"
2020-02-07 13:17:20.779,"/Pane[@ClassName=\"#32769\"][@Name=\"Desktop 1\"]/Window[@ClassName=\"CabinetWClass\"][@Name=\"UIRecorder\"]"
2020-02-07 13:17:22.909,"/Pane[@ClassName=\"#32769\"][@Name=\"Desktop 1\"]/Window[@ClassName=\"#32770\"][@Name=\"Dialog\"]/MenuBar[@Name=\"Application\"][@AutomationId=\"MenuBar\"]/MenuItem[@Name=\"Project\"]"
2020-02-07 13:17:22.912,"/Pane[@ClassName=\"#32769\"][@Name=\"Desktop 1\"]/Window[@ClassName=\"#32770\"][@Name=\"Dialog\"]/MenuBar[@Name=\"Application\"][@AutomationId=\"MenuBar\"]/MenuItem[@Name=\"Project\"]"
2020-02-07 13:17:22.922,"/Pane[@ClassName=\"#32769\"][@Name=\"Desktop 1\"]/Window[@ClassName=\"CabinetWClass\"][@Name=\"UIRecorder\"]"
2020-02-07 13:17:26.839,"/Pane[@ClassName=\"#32769\"][@Name=\"Desktop 1\"]/Window[@ClassName=\"#32770\"][@Name=\"Dialog\"]/MenuBar[@Name=\"Application\"][@AutomationId=\"MenuBar\"]/MenuItem[@Name=\"Project\"]"
2020-02-07 13:17:26.842,"/Pane[@ClassName=\"#32769\"][@Name=\"Desktop 1\"]/Window[@ClassName=\"#32770\"][@Name=\"Dialog\"]/MenuBar[@Name=\"Application\"][@AutomationId=\"MenuBar\"]/MenuItem[@Name=\"Project\"]"
2020-02-07 13:17:26.853,"/Pane[@ClassName=\"#32769\"][@Name=\"Desktop 1\"]/Window[@ClassName=\"#32770\"][@Name=\"Dialog\"]"
2020-02-07 13:17:27.611,"/Pane[@ClassName=\"#32769\"][@Name=\"Desktop 1\"]/Window[@ClassName=\"#32770\"][@Name=\"Dialog\"]"
2020-02-07 13:17:27.692,"/Pane[@ClassName=\"#32769\"][@Name=\"Desktop 1\"]/Window[@ClassName=\"#32770\"][@Name=\"Dialog\"]"
2020-02-07 13:17:27.719,"/Pane[@ClassName=\"#32769\"][@Name=\"Desktop 1\"]/Window[@ClassName=\"#32770\"][@Name=\"Dialog\"]"
2020-02-07 13:17:27.721,"/Pane[@ClassName=\"#32769\"][@Name=\"Desktop 1\"]/Window[@ClassName=\"#32770\"][@Name=\"Dialog\"]"
2020-02-07 13:17:27.736,"/Pane[@ClassName=\"#32769\"][@Name=\"Desktop 1\"]/Window[@ClassName=\"#32770\"][@Name=\"Dialog\"]"
2020-02-07 13:17:27.739,"/Pane[@ClassName=\"#32769\"][@Name=\"Desktop 1\"]/Window[@ClassName=\"#32770\"][@Name=\"Dialog\"]"
2020-02-07 13:17:29.323,"/Pane[@ClassName=\"#32769\"][@Name=\"Desktop 1\"]/Window[@ClassName=\"#32770\"][@Name=\"Dialog\"]"
2020-02-07 13:17:29.326,"/Pane[@ClassName=\"#32769\"][@Name=\"Desktop 1\"]/Window[@ClassName=\"#32770\"][@Name=\"Dialog\"]"
2020-02-07 13:17:29.406,"/Pane[@ClassName=\"#32769\"][@Name=\"Desktop 1\"]/Window[@ClassName=\"#32770\"][@Name=\"Dialog\"]/MenuBar[@Name=\"Application\"][@AutomationId=\"MenuBar\"]/MenuItem[@Name=\"Project\"]"
2020-02-07 13:17:29.409,"/Pane[@ClassName=\"#32769\"][@Name=\"Desktop 1\"]/Window[@ClassName=\"#32770\"][@Name=\"Dialog\"]/MenuBar[@Name=\"Application\"][@AutomationId=\"MenuBar\"]/MenuItem[@Name=\"Project\"]"
2020-02-07 13:17:29.419,"/Pane[@ClassName=\"#32769\"][@Name=\"Desktop 1\"]/Window[@ClassName=\"#32770\"][@Name=\"Dialog\"]/Window[@ClassName=\"#32770\"][@Name=\"Open\"]/Pane[@ClassName=\"DUIViewWndClassName\"]/Pane[@Name=\"Shell Folder View\"][@AutomationId=\"listview\"]/List[@ClassName=\"UIItemsView\"][@Name=\"Items View\"]/ListItem[@ClassName=\"UIItem\"][@Name=\"test10\"]/Edit[@Name=\"Name\"][@AutomationId=\"System.ItemNameDisplay\"]"
2020-02-07 13:17:31.645,"/Pane[@ClassName=\"#32769\"][@Name=\"Desktop 1\"]/Window[@ClassName=\"#32770\"][@Name=\"Dialog\"]/Window[@ClassName=\"#32770\"][@Name=\"Open\"]/Pane[@ClassName=\"DUIViewWndClassName\"]/Pane[@Name=\"Shell Folder View\"][@AutomationId=\"listview\"]/List[@ClassName=\"UIItemsView\"][@Name=\"Items View\"]/ListItem[@ClassName=\"UIItem\"][@Name=\"test10\"]/Edit[@Name=\"Name\"][@AutomationId=\"System.ItemNameDisplay\"]"
2020-02-07 13:17:32.265,"/Pane[@ClassName=\"#32769\"][@Name=\"Desktop 1\"]/Window[@ClassName=\"#32770\"][@Name=\"Dialog\"]/MenuBar[@Name=\"Application\"][@AutomationId=\"MenuBar\"]/MenuItem[@Name=\"Project\"]"
2020-02-07 13:17:32.269,"/Pane[@ClassName=\"#32769\"][@Name=\"Desktop 1\"]/Window[@ClassName=\"#32770\"][@Name=\"Dialog\"]/MenuBar[@Name=\"Application\"][@AutomationId=\"MenuBar\"]/MenuItem[@Name=\"Project\"]"
2020-02-07 13:17:32.282,"/Pane[@ClassName=\"#32769\"][@Name=\"Desktop 1\"]/Window[@ClassName=\"#32770\"][@Name=\"Dialog\"]/Window[@ClassName=\"#32770\"][@Name=\"Open\"]/Pane[@ClassName=\"DUIViewWndClassName\"]/Pane[@Name=\"Shell Folder View\"][@AutomationId=\"listview\"]/List[@ClassName=\"UIItemsView\"][@Name=\"Items View\"]/ListItem[@ClassName=\"UIItem\"][@Name=\"testprojectforgcc2\"]/Edit[@Name=\"Name\"][@AutomationId=\"System.ItemNameDisplay\"]"
2020-02-07 13:17:34.422,"/Pane[@ClassName=\"#32769\"][@Name=\"Desktop 1\"]/Window[@ClassName=\"#32770\"][@Name=\"Dialog\"]/MenuBar[@Name=\"Application\"][@AutomationId=\"MenuBar\"]/MenuItem[@Name=\"Project\"]"
2020-02-07 13:17:34.425,"/Pane[@ClassName=\"#32769\"][@Name=\"Desktop 1\"]/Window[@ClassName=\"#32770\"][@Name=\"Dialog\"]/MenuBar[@Name=\"Application\"][@AutomationId=\"MenuBar\"]/MenuItem[@Name=\"Project\"]"
2020-02-07 13:17:34.442,"/Pane[@ClassName=\"#32769\"][@Name=\"Desktop 1\"]/Window[@ClassName=\"#32770\"][@Name=\"Dialog\"]/Window[@ClassName=\"#32770\"][@Name=\"Open\"]/Button[@ClassName=\"Button\"][@Name=\"Open\"]"
2020-02-07 13:17:35.895,"/Pane[@ClassName=\"#32769\"][@Name=\"Desktop 1\"]/Window[@ClassName=\"#32770\"][@Name=\"Dialog\"]/Window[@ClassName=\"#32770\"][@Name=\"Open\"]/Button[@ClassName=\"Button\"][@Name=\"Open\"]"
2020-02-07 13:17:39.527,"/Pane[@ClassName=\"#32769\"][@Name=\"Desktop 1\"]/Window[@ClassName=\"#32770\"][@Name=\"Dialog\"]/MenuBar[@Name=\"Application\"][@AutomationId=\"MenuBar\"]/MenuItem[@Name=\"Project\"]"
2020-02-07 13:17:39.531,"/Pane[@ClassName=\"#32769\"][@Name=\"Desktop 1\"]/Window[@ClassName=\"#32770\"][@Name=\"Dialog\"]/MenuBar[@Name=\"Application\"][@AutomationId=\"MenuBar\"]/MenuItem[@Name=\"Project\"]"
2020-02-07 13:17:39.543,"/Pane[@ClassName=\"#32769\"][@Name=\"Desktop 1\"]/Window[@ClassName=\"#32770\"][starts-with(@Name,\"The Cold Regions Hydrological Model - D:\\CRHM\\DemoMacroTesting\\t\")]/Pane[@ClassName=\"TChartChart\"]"
2020-02-07 13:17:41.012,"/Pane[@ClassName=\"#32769\"][@Name=\"Desktop 1\"]/Window[@ClassName=\"#32770\"][@Name=\"Dialog\"]/MenuBar[@Name=\"Application\"][@AutomationId=\"MenuBar\"]/MenuItem[@Name=\"Project\"]"
2020-02-07 13:17:41.015,"/Pane[@ClassName=\"#32769\"][@Name=\"Desktop 1\"]/Window[@ClassName=\"#32770\"][@Name=\"Dialog\"]/MenuBar[@Name=\"Application\"][@AutomationId=\"MenuBar\"]/MenuItem[@Name=\"Project\"]"
2020-02-07 13:17:41.027,"/Pane[@ClassName=\"#32769\"][@Name=\"Desktop 1\"]/Window[@ClassName=\"#32770\"][starts-with(@Name,\"The Cold Regions Hydrological Model - D:\\CRHM\\DemoMacroTesting\\t\")]/List[@ClassName=\"ListBox\"]/ListItem[@Name=\"hru_snow\"]"
2020-02-07 13:17:41.069,"/Pane[@ClassName=\"#32769\"][@Name=\"Desktop 1\"]/Window[@ClassName=\"#32770\"][starts-with(@Name,\"The Cold Regions Hydrological Model - D:\\CRHM\\DemoMacroTesting\\t\")]/List[@ClassName=\"ListBox\"]/ListItem[@Name=\"hru_snow\"]"
2020-02-07 13:18:19.839,"/Pane[@ClassName=\"#32769\"][@Name=\"Desktop 1\"]/Window[@ClassName=\"#32770\"][@Name=\"Dialog\"]/MenuBar[@Name=\"Application\"][@AutomationId=\"MenuBar\"]/MenuItem[@Name=\"Project\"]"
2020-02-07 13:18:19.843,"/Pane[@ClassName=\"#32769\"][@Name=\"Desktop 1\"]/Window[@ClassName=\"#32770\"][@Name=\"Dialog\"]/MenuBar[@Name=\"Application\"][@AutomationId=\"MenuBar\"]/MenuItem[@Name=\"Project\"]"
2020-02-07 13:18:19.855,"/Pane[@ClassName=\"#32769\"][@Name=\"Desktop 1\"]/Window[@ClassName=\"#32770\"][starts-with(@Name,\"The Cold Regions Hydrological Model - D:\\CRHM\\DemoMacroTesting\\t\")]/MenuBar[@Name=\"Application\"][@AutomationId=\"MenuBar\"]/MenuItem[@Name=\"Run\"]"
2020-02-07 13:18:30.896,"/Pane[@ClassName=\"#32769\"][@Name=\"Desktop 1\"]/Window[@ClassName=\"#32770\"][@Name=\"Dialog\"]/MenuBar[@Name=\"Application\"][@AutomationId=\"MenuBar\"]/MenuItem[@Name=\"Project\"]"
2020-02-07 13:18:30.899,"/Pane[@ClassName=\"#32769\"][@Name=\"Desktop 1\"]/Window[@ClassName=\"#32770\"][@Name=\"Dialog\"]/MenuBar[@Name=\"Application\"][@AutomationId=\"MenuBar\"]/MenuItem[@Name=\"Project\"]"
2020-02-07 13:18:30.911,"/Pane[@ClassName=\"#32769\"][@Name=\"Desktop 1\"]/Window[@ClassName=\"#32770\"][starts-with(@Name,\"The Cold Regions Hydrological Model - D:\\CRHM\\DemoMacroTesting\\t\")]/Pane[@ClassName=\"TChartChart\"]"
2020-02-07 13:18:33.979,"/Pane[@ClassName=\"#32769\"][@Name=\"Desktop 1\"]/Window[@ClassName=\"#32770\"][@Name=\"Dialog\"]/MenuBar[@Name=\"Application\"][@AutomationId=\"MenuBar\"]/MenuItem[@Name=\"Project\"]"
2020-02-07 13:18:33.982,"/Pane[@ClassName=\"#32769\"][@Name=\"Desktop 1\"]/Window[@ClassName=\"#32770\"][@Name=\"Dialog\"]/MenuBar[@Name=\"Application\"][@AutomationId=\"MenuBar\"]/MenuItem[@Name=\"Project\"]"
2020-02-07 13:18:33.995,"/Pane[@ClassName=\"#32769\"][@Name=\"Desktop 1\"]/Window[@ClassName=\"#32770\"][starts-with(@Name,\"The Cold Regions Hydrological Model - D:\\CRHM\\DemoMacroTesting\\t\")]/List[@ClassName=\"ListBox\"]/ListItem[@Name=\"net_rain\"]"
2020-02-07 13:18:35.424,"/Pane[@ClassName=\"#32769\"][@Name=\"Desktop 1\"]/Window[@ClassName=\"#32770\"][@Name=\"Dialog\"]/MenuBar[@Name=\"Application\"][@AutomationId=\"MenuBar\"]/MenuItem[@Name=\"Project\"]"
2020-02-07 13:18:35.427,"/Pane[@ClassName=\"#32769\"][@Name=\"Desktop 1\"]/Window[@ClassName=\"#32770\"][@Name=\"Dialog\"]/MenuBar[@Name=\"Application\"][@AutomationId=\"MenuBar\"]/MenuItem[@Name=\"Project\"]"
2020-02-07 13:18:35.439,"/Pane[@ClassName=\"#32769\"][@Name=\"Desktop 1\"]/Window[@ClassName=\"#32770\"][starts-with(@Name,\"The Cold Regions Hydrological Model - D:\\CRHM\\DemoMacroTesting\\t\")]/MenuBar[@Name=\"Application\"][@AutomationId=\"MenuBar\"]/MenuItem[@Name=\"Project\"]"
2020-02-07 13:18:35.966,"/Pane[@ClassName=\"#32769\"][@Name=\"Desktop 1\"]/Window[@ClassName=\"#32770\"][starts-with(@Name,\"The Cold Regions Hydrological Model - D:\\CRHM\\DemoMacroTesting\\t\")]/MenuBar[@Name=\"Application\"][@AutomationId=\"MenuBar\"]/MenuItem[@Name=\"Project\"]"
2020-02-07 13:18:53.380,"/Pane[@ClassName=\"#32769\"][@Name=\"Desktop 1\"]/Window[@ClassName=\"#32770\"][@Name=\"Dialog\"]/MenuBar[@Name=\"Application\"][@AutomationId=\"MenuBar\"]/MenuItem[@Name=\"Project\"]"
2020-02-07 13:18:53.383,"/Pane[@ClassName=\"#32769\"][@Name=\"Desktop 1\"]/Window[@ClassName=\"#32770\"][@Name=\"Dialog\"]/MenuBar[@Name=\"Application\"][@AutomationId=\"MenuBar\"]/MenuItem[@Name=\"Project\"]"
2020-02-07 13:18:53.396,"/Pane[@ClassName=\"#32769\"][@Name=\"Desktop 1\"]/Window[@ClassName=\"#32770\"][@Name=\"Dialog\"]/List[@ClassName=\"ListBox\"]"
2020-02-07 13:18:54.557,"/Pane[@ClassName=\"#32769\"][@Name=\"Desktop 1\"]/Window[@ClassName=\"#32770\"][@Name=\"Dialog\"]/List[@ClassName=\"ListBox\"]"
2020-02-07 13:18:56.910,"/Pane[@ClassName=\"#32769\"][@Name=\"Desktop 1\"]/Window[@ClassName=\"#32770\"][@Name=\"Dialog\"]/MenuBar[@Name=\"Application\"][@AutomationId=\"MenuBar\"]/MenuItem[@Name=\"Project\"]"
2020-02-07 13:18:56.913,"/Pane[@ClassName=\"#32769\"][@Name=\"Desktop 1\"]/Window[@ClassName=\"#32770\"][@Name=\"Dialog\"]/MenuBar[@Name=\"Application\"][@AutomationId=\"MenuBar\"]/MenuItem[@Name=\"Project\"]"
2020-02-07 13:18:56.926,"/Pane[@ClassName=\"#32769\"][@Name=\"Desktop 1\"]/Window[@ClassName=\"#32770\"][@Name=\"The Cold Regions Hydrological Model\"]/Pane/Button"
2020-02-07 13:18:58.707,"/Pane[@ClassName=\"#32769\"][@Name=\"Desktop 1\"]/Window[@ClassName=\"#32770\"][@Name=\"Dialog\"]/MenuBar[@Name=\"Application\"][@AutomationId=\"MenuBar\"]/MenuItem[@Name=\"Project\"]"
2020-02-07 13:18:58.711,"/Pane[@ClassName=\"#32769\"][@Name=\"Desktop 1\"]/Window[@ClassName=\"#32770\"][@Name=\"Dialog\"]/MenuBar[@Name=\"Application\"][@AutomationId=\"MenuBar\"]/MenuItem[@Name=\"Project\"]"
2020-02-07 13:18:58.724,"/Pane[@ClassName=\"#32769\"][@Name=\"Desktop 1\"]/Window[@ClassName=\"#32770\"][@Name=\"The Cold Regions Hydrological Model\"]/List[@ClassName=\"ListBox\"]"
2020-02-07 13:19:05.035,"/Pane[@ClassName=\"#32769\"][@Name=\"Desktop 1\"]/Window[@ClassName=\"#32770\"][@Name=\"Dialog\"]/MenuBar[@Name=\"Application\"][@AutomationId=\"MenuBar\"]/MenuItem[@Name=\"Project\"]"
2020-02-07 13:19:05.059,"/Pane[@ClassName=\"#32769\"][@Name=\"Desktop 1\"]/Window[@ClassName=\"#32770\"][@Name=\"Dialog\"]/MenuBar[@Name=\"Application\"][@AutomationId=\"MenuBar\"]/MenuItem[@Name=\"Project\"]"
2020-02-07 13:19:05.076,"/Pane[@ClassName=\"#32769\"][@Name=\"Desktop 1\"]/Window[@ClassName=\"#32770\"][@Name=\"The Cold Regions Hydrological Model\"]/List[@ClassName=\"ListBox\"]/ScrollBar[@Name=\"Vertical\"][@AutomationId=\"NonClientVerticalScrollBar\"]/Thumb[@Name=\"Position\"][@AutomationId=\"ScrollbarThumb\"]"
2020-02-07 13:19:06.229,"/Pane[@ClassName=\"#32769\"][@Name=\"Desktop 1\"]/Window[@ClassName=\"#32770\"][@Name=\"Dialog\"]/MenuBar[@Name=\"Application\"][@AutomationId=\"MenuBar\"]/MenuItem[@Name=\"Project\"]"
2020-02-07 13:19:06.233,"/Pane[@ClassName=\"#32769\"][@Name=\"Desktop 1\"]/Window[@ClassName=\"#32770\"][@Name=\"Dialog\"]/MenuBar[@Name=\"Application\"][@AutomationId=\"MenuBar\"]/MenuItem[@Name=\"Project\"]"
2020-02-07 13:19:06.245,"/Pane[@ClassName=\"#32769\"][@Name=\"Desktop 1\"]/Window[@ClassName=\"#32770\"][@Name=\"The Cold Regions Hydrological Model\"]/List[@ClassName=\"ListBox\"]/ScrollBar[@Name=\"Vertical\"][@AutomationId=\"NonClientVerticalScrollBar\"]/Thumb[@Name=\"Position\"][@AutomationId=\"ScrollbarThumb\"]"
2020-02-07 13:19:09.617,"/Pane[@ClassName=\"#32769\"][@Name=\"Desktop 1\"]/Window[@ClassName=\"#32770\"][@Name=\"The Cold Regions Hydrological Model\"]/List[@ClassName=\"ListBox\"]/ScrollBar[@Name=\"Vertical\"][@AutomationId=\"NonClientVerticalScrollBar\"]/Thumb[@Name=\"Position\"][@AutomationId=\"ScrollbarThumb\"]"
2020-02-07 13:21:05.717,"/Pane[@ClassName=\"#32769\"][@Name=\"Desktop 1\"]/Window[@ClassName=\"#32770\"][@Name=\"Dialog\"]/MenuBar[@Name=\"Application\"][@AutomationId=\"MenuBar\"]/MenuItem[@Name=\"Project\"]"
2020-02-07 13:21:05.720,"/Pane[@ClassName=\"#32769\"][@Name=\"Desktop 1\"]/Window[@ClassName=\"#32770\"][@Name=\"Dialog\"]/MenuBar[@Name=\"Application\"][@AutomationId=\"MenuBar\"]/MenuItem[@Name=\"Project\"]"
2020-02-07 13:21:05.734,"/Pane[@ClassName=\"#32769\"][@Name=\"Desktop 1\"]/Window[@ClassName=\"#32770\"][@Name=\"The Cold Regions Hydrological Model\"]/Text[@ClassName=\"Static\"][@Name=\"Observations\"]"
2020-02-07 13:21:25.624,"/Pane[@ClassName=\"#32769\"][@Name=\"Desktop 1\"]/Window[@ClassName=\"#32770\"][@Name=\"The Cold Regions Hydrological Model\"]/Text[@ClassName=\"Static\"][@Name=\"Observations\"]"
2020-02-07 13:21:26.277,"/Pane[@ClassName=\"#32769\"][@Name=\"Desktop 1\"]/Window[@ClassName=\"#32770\"][@Name=\"Dialog\"]/MenuBar[@Name=\"Application\"][@AutomationId=\"MenuBar\"]/MenuItem[@Name=\"Project\"]"
2020-02-07 13:21:26.281,"/Pane[@ClassName=\"#32769\"][@Name=\"Desktop 1\"]/Window[@ClassName=\"#32770\"][@Name=\"Dialog\"]/MenuBar[@Name=\"Application\"][@AutomationId=\"MenuBar\"]/MenuItem[@Name=\"Project\"]"
2020-02-07 13:21:26.294,"/Pane[@ClassName=\"#32769\"][@Name=\"Desktop 1\"]/Window[@ClassName=\"CabinetWClass\"][@Name=\"UIRecorder\"]"
2020-02-07 13:21:26.863,"/Pane[@ClassName=\"#32769\"][@Name=\"Desktop 1\"]/Window[@ClassName=\"CabinetWClass\"][@Name=\"UIRecorder\"]"
2020-02-07 13:21:39.919,"/Pane[@ClassName=\"#32769\"][@Name=\"Desktop 1\"]/Window[@ClassName=\"#32770\"][@Name=\"Dialog\"]/MenuBar[@Name=\"Application\"][@AutomationId=\"MenuBar\"]/MenuItem[@Name=\"Project\"]"
2020-02-07 13:21:39.923,"/Pane[@ClassName=\"#32769\"][@Name=\"Desktop 1\"]/Window[@ClassName=\"#32770\"][@Name=\"Dialog\"]/MenuBar[@Name=\"Application\"][@AutomationId=\"MenuBar\"]/MenuItem[@Name=\"Project\"]"
2020-02-07 13:21:39.936,"/Pane[@ClassName=\"#32769\"][@Name=\"Desktop 1\"]/Window[@ClassName=\"#32770\"][@Name=\"Dialog\"]/List[@ClassName=\"ListBox\"]"
2020-02-07 13:21:40.872,"/Pane[@ClassName=\"#32769\"][@Name=\"Desktop 1\"]/Window[@ClassName=\"#32770\"][@Name=\"Dialog\"]/List[@ClassName=\"ListBox\"]"
2020-02-07 13:21:41.803,"/Pane[@ClassName=\"#32769\"][@Name=\"Desktop 1\"]/Window[@ClassName=\"#32770\"][@Name=\"Dialog\"]/MenuBar[@Name=\"Application\"][@AutomationId=\"MenuBar\"]/MenuItem[@Name=\"Project\"]"
2020-02-07 13:21:41.806,"/Pane[@ClassName=\"#32769\"][@Name=\"Desktop 1\"]/Window[@ClassName=\"#32770\"][@Name=\"Dialog\"]/MenuBar[@Name=\"Application\"][@AutomationId=\"MenuBar\"]/MenuItem[@Name=\"Project\"]"
2020-02-07 13:21:41.820,"/Pane[@ClassName=\"#32769\"][@Name=\"Desktop 1\"]/Window[@ClassName=\"#32770\"][@Name=\"Dialog\"]/List[@ClassName=\"ListBox\"]"
2020-02-07 13:21:42.302,"/Pane[@ClassName=\"#32769\"][@Name=\"Desktop 1\"]/Window[@ClassName=\"#32770\"][@Name=\"Dialog\"]/List[@ClassName=\"ListBox\"]"
2020-02-07 13:21:43.314,"/Pane[@ClassName=\"#32769\"][@Name=\"Desktop 1\"]/Window[@ClassName=\"#32770\"][@Name=\"Dialog\"]/MenuBar[@Name=\"Application\"][@AutomationId=\"MenuBar\"]/MenuItem[@Name=\"Project\"]"
2020-02-07 13:21:43.317,"/Pane[@ClassName=\"#32769\"][@Name=\"Desktop 1\"]/Window[@ClassName=\"#32770\"][@Name=\"Dialog\"]/MenuBar[@Name=\"Application\"][@AutomationId=\"MenuBar\"]/MenuItem[@Name=\"Project\"]"
2020-02-07 13:21:43.332,"/Pane[@ClassName=\"#32769\"][@Name=\"Desktop 1\"]/Window[@ClassName=\"#32770\"][@Name=\"Dialog\"]/Window[@ClassName=\"#32770\"][@Name=\"Dialog\"]/MenuBar[@Name=\"Application\"][@AutomationId=\"MenuBar\"]/MenuItem[@Name=\"File\"]"
2020-02-07 13:21:45.996,"/Pane[@ClassName=\"#32769\"][@Name=\"Desktop 1\"]/Window[@ClassName=\"#32770\"][@Name=\"Dialog\"]/MenuBar[@Name=\"Application\"][@AutomationId=\"MenuBar\"]/MenuItem[@Name=\"Project\"]"
2020-02-07 13:21:45.999,"/Pane[@ClassName=\"#32769\"][@Name=\"Desktop 1\"]/Window[@ClassName=\"#32770\"][@Name=\"Dialog\"]/MenuBar[@Name=\"Application\"][@AutomationId=\"MenuBar\"]/MenuItem[@Name=\"Project\"]"
2020-02-07 13:21:46.014,"/Pane[@ClassName=\"#32769\"][@Name=\"Desktop 1\"]/Window[@ClassName=\"#32770\"][@Name=\"Dialog\"]/Window[@ClassName=\"#32770\"][@Name=\"Dialog\"]/Menu[@ClassName=\"#32768\"][@Name=\"File\"]/MenuItem[@Name=\"Create Group\"]"
2020-02-07 13:21:50.145,"/Pane[@ClassName=\"#32769\"][@Name=\"Desktop 1\"]/Window[@ClassName=\"#32770\"][@Name=\"Dialog\"]/Window[@ClassName=\"#32770\"][@Name=\"Dialog\"]/Menu[@ClassName=\"#32768\"][@Name=\"File\"]/MenuItem[@Name=\"Create Group\"]"
2020-02-07 13:22:04.544,"/Pane[@ClassName=\"#32769\"][@Name=\"Desktop 1\"]/Window[@ClassName=\"#32770\"][@Name=\"Dialog\"]/MenuBar[@Name=\"Application\"][@AutomationId=\"MenuBar\"]/MenuItem[@Name=\"Project\"]"
2020-02-07 13:22:04.547,"/Pane[@ClassName=\"#32769\"][@Name=\"Desktop 1\"]/Window[@ClassName=\"#32770\"][@Name=\"Dialog\"]/MenuBar[@Name=\"Application\"][@AutomationId=\"MenuBar\"]/MenuItem[@Name=\"Project\"]"
2020-02-07 13:22:04.563,"/Pane[@ClassName=\"#32769\"][@Name=\"Desktop 1\"]/Window[@ClassName=\"#32770\"][@Name=\"The Cold Regions Hydrological Model\"]/Window[@ClassName=\"#32770\"][@Name=\"Select Modules for Model\"]/List[@ClassName=\"ListBox\"]/ListItem[@Name=\"Display\"]"
2020-02-07 13:22:06.063,"/Pane[@ClassName=\"#32769\"][@Name=\"Desktop 1\"]/Window[@ClassName=\"#32770\"][@Name=\"Dialog\"]/MenuBar[@Name=\"Application\"][@AutomationId=\"MenuBar\"]/MenuItem[@Name=\"Project\"]"
2020-02-07 13:22:06.066,"/Pane[@ClassName=\"#32769\"][@Name=\"Desktop 1\"]/Window[@ClassName=\"#32770\"][@Name=\"Dialog\"]/MenuBar[@Name=\"Application\"][@AutomationId=\"MenuBar\"]/MenuItem[@Name=\"Project\"]"
2020-02-07 13:22:06.080,"/Pane[@ClassName=\"#32769\"][@Name=\"Desktop 1\"]/Window[@ClassName=\"#32770\"][@Name=\"The Cold Regions Hydrological Model\"]/Window[@ClassName=\"#32770\"][@Name=\"Select Modules for Model\"]/Button[@ClassName=\"Button\"][@Name=\"Build\"]"
2020-02-07 13:22:06.132,"/Pane[@ClassName=\"#32769\"][@Name=\"Desktop 1\"]/Window[@ClassName=\"#32770\"][@Name=\"The Cold Regions Hydrological Model\"]/Window[@ClassName=\"#32770\"][@Name=\"Select Modules for Model\"]/Button[@ClassName=\"Button\"][@Name=\"Build\"]"
2020-02-07 13:22:06.136,"/Pane[@ClassName=\"#32769\"][@Name=\"Desktop 1\"]/Window[@ClassName=\"#32770\"][@Name=\"The Cold Regions Hydrological Model\"]/Window[@ClassName=\"#32770\"][@Name=\"Select Modules for Model\"]/Button[@ClassName=\"Button\"][@Name=\"Build\"]"
2020-02-07 13:22:09.030,"/Pane[@ClassName=\"#32769\"][@Name=\"Desktop 1\"]/Window[@ClassName=\"#32770\"][@Name=\"Dialog\"]/MenuBar[@Name=\"Application\"][@AutomationId=\"MenuBar\"]/MenuItem[@Name=\"Project\"]"
2020-02-07 13:22:09.034,"/Pane[@ClassName=\"#32769\"][@Name=\"Desktop 1\"]/Window[@ClassName=\"#32770\"][@Name=\"Dialog\"]/MenuBar[@Name=\"Application\"][@AutomationId=\"MenuBar\"]/MenuItem[@Name=\"Project\"]"
2020-02-07 13:22:09.050,"/Pane[@ClassName=\"#32769\"][@Name=\"Desktop 1\"]/Window[@ClassName=\"#32770\"][@Name=\"The Cold Regions Hydrological Model\"]/Pane[@ClassName=\"TChartChart\"]"
2020-02-07 13:22:11.276,"/Pane[@ClassName=\"#32769\"][@Name=\"Desktop 1\"]/Window[@ClassName=\"#32770\"][@Name=\"Dialog\"]/MenuBar[@Name=\"Application\"][@AutomationId=\"MenuBar\"]/MenuItem[@Name=\"Project\"]"
2020-02-07 13:22:11.280,"/Pane[@ClassName=\"#32769\"][@Name=\"Desktop 1\"]/Window[@ClassName=\"#32770\"][@Name=\"Dialog\"]/MenuBar[@Name=\"Application\"][@AutomationId=\"MenuBar\"]/MenuItem[@Name=\"Project\"]"
2020-02-07 13:22:11.328,"/Pane[@ClassName=\"#32769\"][@Name=\"Desktop 1\"]/Window[@ClassName=\"#32770\"][@Name=\"The Cold Regions Hydrological Model\"]/Pane[@ClassName=\"TChartChart\"]"
2020-02-07 13:22:11.416,"/Pane[@ClassName=\"#32769\"][@Name=\"Desktop 1\"]/Window[@ClassName=\"#32770\"][@Name=\"The Cold Regions Hydrological Model\"]/Pane[@ClassName=\"TChartChart\"]"
2020-02-07 13:22:12.472,"/Pane[@ClassName=\"#32769\"][@Name=\"Desktop 1\"]/Window[@ClassName=\"#32770\"][@Name=\"Dialog\"]/MenuBar[@Name=\"Application\"][@AutomationId=\"MenuBar\"]/MenuItem[@Name=\"Project\"]"
2020-02-07 13:22:12.475,"/Pane[@ClassName=\"#32769\"][@Name=\"Desktop 1\"]/Window[@ClassName=\"#32770\"][@Name=\"Dialog\"]/MenuBar[@Name=\"Application\"][@AutomationId=\"MenuBar\"]/MenuItem[@Name=\"Project\"]"
2020-02-07 13:22:12.490,"/Pane[@ClassName=\"#32769\"][@Name=\"Desktop 1\"]/Window[@ClassName=\"#32770\"][@Name=\"The Cold Regions Hydrological Model\"]/List[@ClassName=\"ListBox\"]/ListItem[@Name=\"Above\"]"
2020-02-07 13:22:12.679,"/Pane[@ClassName=\"#32769\"][@Name=\"Desktop 1\"]/Window[@ClassName=\"#32770\"][@Name=\"The Cold Regions Hydrological Model\"]/List[@ClassName=\"ListBox\"]/ListItem[@Name=\"Above\"]"
2020-02-07 13:22:13.734,"/Pane[@ClassName=\"#32769\"][@Name=\"Desktop 1\"]/Window[@ClassName=\"#32770\"][@Name=\"Dialog\"]/MenuBar[@Name=\"Application\"][@AutomationId=\"MenuBar\"]/MenuItem[@Name=\"Project\"]"
2020-02-07 13:22:13.737,"/Pane[@ClassName=\"#32769\"][@Name=\"Desktop 1\"]/Window[@ClassName=\"#32770\"][@Name=\"Dialog\"]/MenuBar[@Name=\"Application\"][@AutomationId=\"MenuBar\"]/MenuItem[@Name=\"Project\"]"
2020-02-07 13:22:13.754,"/Pane[@ClassName=\"#32769\"][@Name=\"Desktop 1\"]/Window[@ClassName=\"#32770\"][@Name=\"The Cold Regions Hydrological Model\"]/List[@ClassName=\"ListBox\"]/ListItem[@Name=\"Below\"]"
2020-02-07 13:22:14.992,"/Pane[@ClassName=\"#32769\"][@Name=\"Desktop 1\"]/Window[@ClassName=\"#32770\"][@Name=\"The Cold Regions Hydrological Model\"]/List[@ClassName=\"ListBox\"]/ListItem[@Name=\"Below\"]"
2020-02-07 13:22:15.616,"/Pane[@ClassName=\"#32769\"][@Name=\"Desktop 1\"]/Window[@ClassName=\"#32770\"][@Name=\"Dialog\"]/MenuBar[@Name=\"Application\"][@AutomationId=\"MenuBar\"]/MenuItem[@Name=\"Project\"]"
2020-02-07 13:22:15.619,"/Pane[@ClassName=\"#32769\"][@Name=\"Desktop 1\"]/Window[@ClassName=\"#32770\"][@Name=\"Dialog\"]/MenuBar[@Name=\"Application\"][@AutomationId=\"MenuBar\"]/MenuItem[@Name=\"Project\"]"
2020-02-07 13:22:15.635,"/Pane[@ClassName=\"#32769\"][@Name=\"Desktop 1\"]/Window[@ClassName=\"#32770\"][@Name=\"The Cold Regions Hydrological Model\"]/MenuBar[@Name=\"Application\"][@AutomationId=\"MenuBar\"]/MenuItem[@Name=\"Run\"]"
2020-02-07 13:22:16.896,"/Pane[@ClassName=\"#32769\"][@Name=\"Desktop 1\"]/Window[@ClassName=\"#32770\"][@Name=\"Dialog\"]/MenuBar[@Name=\"Application\"][@AutomationId=\"MenuBar\"]/MenuItem[@Name=\"Project\"]"
2020-02-07 13:22:16.900,"/Pane[@ClassName=\"#32769\"][@Name=\"Desktop 1\"]/Window[@ClassName=\"#32770\"][@Name=\"Dialog\"]/MenuBar[@Name=\"Application\"][@AutomationId=\"MenuBar\"]/MenuItem[@Name=\"Project\"]"
2020-02-07 13:22:16.914,"/Pane[@ClassName=\"#32769\"][@Name=\"Desktop 1\"]/Window[@ClassName=\"#32770\"][@Name=\"The Cold Regions Hydrological Model\"]/Menu[@ClassName=\"#32768\"][@Name=\"Run\"]/MenuItem[@Name=\"Run Model\"]"
2020-02-07 13:22:18.296,"/Pane[@ClassName=\"#32769\"][@Name=\"Desktop 1\"]/Window[@ClassName=\"#32770\"][@Name=\"The Cold Regions Hydrological Model\"]/Menu[@ClassName=\"#32768\"][@Name=\"Run\"]/MenuItem[@Name=\"Run Model\"]"
2020-02-07 13:23:08.534,"/Pane[@ClassName=\"#32769\"][@Name=\"Desktop 1\"]/Window[@ClassName=\"#32770\"][@Name=\"Dialog\"]/MenuBar[@Name=\"Application\"][@AutomationId=\"MenuBar\"]/MenuItem[@Name=\"Project\"]"
2020-02-07 13:23:08.537,"/Pane[@ClassName=\"#32769\"][@Name=\"Desktop 1\"]/Window[@ClassName=\"#32770\"][@Name=\"Dialog\"]/MenuBar[@Name=\"Application\"][@AutomationId=\"MenuBar\"]/MenuItem[@Name=\"Project\"]"
2020-02-07 13:23:08.553,"/Pane[@ClassName=\"#32769\"][@Name=\"Desktop 1\"]/Window[@ClassName=\"#32770\"][@Name=\"The Cold Regions Hydrological Model\"]/MenuBar[@Name=\"Application\"][@AutomationId=\"MenuBar\"]/MenuItem[@Name=\"Project\"]"
2020-02-07 13:23:09.014,"/Pane[@ClassName=\"#32769\"][@Name=\"Desktop 1\"]/Window[@ClassName=\"#32770\"][@Name=\"The Cold Regions Hydrological Model\"]/MenuBar[@Name=\"Application\"][@AutomationId=\"MenuBar\"]/MenuItem[@Name=\"Project\"]"
2020-02-07 13:23:22.259,"/Pane[@ClassName=\"#32769\"][@Name=\"Desktop 1\"]/Window[@ClassName=\"#32770\"][@Name=\"Dialog\"]/MenuBar[@Name=\"Application\"][@AutomationId=\"MenuBar\"]/MenuItem[@Name=\"Project\"]"
2020-02-07 13:23:22.263,"/Pane[@ClassName=\"#32769\"][@Name=\"Desktop 1\"]/Window[@ClassName=\"#32770\"][@Name=\"Dialog\"]/MenuBar[@Name=\"Application\"][@AutomationId=\"MenuBar\"]/MenuItem[@Name=\"Project\"]"
2020-02-07 13:23:22.279,"/Pane[@ClassName=\"#32769\"][@Name=\"Desktop 1\"]/Window[@ClassName=\"#32770\"][@Name=\"Dialog\"]/List[@ClassName=\"ListBox\"]"
2020-02-07 13:23:24.047,"/Pane[@ClassName=\"#32769\"][@Name=\"Desktop 1\"]/Window[@ClassName=\"#32770\"][@Name=\"Dialog\"]/MenuBar[@Name=\"Application\"][@AutomationId=\"MenuBar\"]/MenuItem[@Name=\"Project\"]"
2020-02-07 13:23:24.050,"/Pane[@ClassName=\"#32769\"][@Name=\"Desktop 1\"]/Window[@ClassName=\"#32770\"][@Name=\"Dialog\"]/MenuBar[@Name=\"Application\"][@AutomationId=\"MenuBar\"]/MenuItem[@Name=\"Project\"]"
2020-02-07 13:23:24.067,"/Pane[@ClassName=\"#32769\"][@Name=\"Desktop 1\"]/Window[@ClassName=\"#32770\"][@Name=\"Dialog\"]/MenuBar[@Name=\"Application\"][@AutomationId=\"MenuBar\"]/MenuItem[@Name=\"Project\"]"
2020-02-07 13:23:38.814,"/Pane[@ClassName=\"#32769\"][@Name=\"Desktop 1\"]/Window[@ClassName=\"#32770\"][@Name=\"Dialog\"]/MenuBar[@Name=\"Application\"][@AutomationId=\"MenuBar\"]/MenuItem[@Name=\"Project\"]"
2020-02-07 13:23:39.539,"/Pane[@ClassName=\"#32769\"][@Name=\"Desktop 1\"]/Window[@ClassName=\"#32770\"][@Name=\"Dialog\"]/MenuBar[@Name=\"Application\"][@AutomationId=\"MenuBar\"]/MenuItem[@Name=\"Project\"]"
2020-02-07 13:23:39.543,"/Pane[@ClassName=\"#32769\"][@Name=\"Desktop 1\"]/Window[@ClassName=\"#32770\"][@Name=\"Dialog\"]/MenuBar[@Name=\"Application\"][@AutomationId=\"MenuBar\"]/MenuItem[@Name=\"Project\"]"
2020-02-07 13:23:39.560,"/Pane[@ClassName=\"#32769\"][@Name=\"Desktop 1\"]/Window[@ClassName=\"#32770\"][@Name=\"Dialog\"]/MenuBar[@Name=\"Application\"][@AutomationId=\"MenuBar\"]/MenuItem[@Name=\"Project\"]"
2020-02-07 13:23:42.437,"/Pane[@ClassName=\"#32769\"][@Name=\"Desktop 1\"]/Window[@ClassName=\"#32770\"][@Name=\"Dialog\"]/MenuBar[@Name=\"Application\"][@AutomationId=\"MenuBar\"]/MenuItem[@Name=\"Project\"]"
2020-02-07 13:23:42.440,"/Pane[@ClassName=\"#32769\"][@Name=\"Desktop 1\"]/Window[@ClassName=\"#32770\"][@Name=\"Dialog\"]/MenuBar[@Name=\"Application\"][@AutomationId=\"MenuBar\"]/MenuItem[@Name=\"Project\"]"
2020-02-07 13:23:42.457,"/Pane[@ClassName=\"#32769\"][@Name=\"Desktop 1\"]/Window[@ClassName=\"#32770\"][@Name=\"Dialog\"]/MenuBar[@Name=\"Application\"][@AutomationId=\"MenuBar\"]/MenuItem[@Name=\"Project\"]"
2020-02-07 13:23:42.533,"/Pane[@ClassName=\"#32769\"][@Name=\"Desktop 1\"]/Window[@ClassName=\"#32770\"][@Name=\"Dialog\"]/MenuBar[@Name=\"Application\"][@AutomationId=\"MenuBar\"]/MenuItem[@Name=\"Project\"]"
2020-02-07 13:23:44.729,"/Pane[@ClassName=\"#32769\"][@Name=\"Desktop 1\"]/Window[@ClassName=\"#32770\"][@Name=\"Dialog\"]/MenuBar[@Name=\"Application\"][@AutomationId=\"MenuBar\"]/MenuItem[@Name=\"Project\"]"
2020-02-07 13:23:44.733,"/Pane[@ClassName=\"#32769\"][@Name=\"Desktop 1\"]/Window[@ClassName=\"#32770\"][@Name=\"Dialog\"]/MenuBar[@Name=\"Application\"][@AutomationId=\"MenuBar\"]/MenuItem[@Name=\"Project\"]"
2020-02-07 13:23:44.750,"/Pane[@ClassName=\"#32769\"][@Name=\"Desktop 1\"]/Window[@ClassName=\"#32770\"][@Name=\"Dialog\"]/Group[@ClassName=\"Button\"]"
2020-02-07 13:23:46.158,"/Pane[@ClassName=\"#32769\"][@Name=\"Desktop 1\"]/Window[@ClassName=\"#32770\"][@Name=\"Dialog\"]/Group[@ClassName=\"Button\"]"
2020-02-07 13:23:46.173,"/Pane[@ClassName=\"#32769\"][@Name=\"Desktop 1\"]/Window[@ClassName=\"#32770\"][@Name=\"Dialog\"]/Group[@ClassName=\"Button\"]"
2020-02-07 13:23:46.256,"/Pane[@ClassName=\"#32769\"][@Name=\"Desktop 1\"]/Window[@ClassName=\"#32770\"][@Name=\"Dialog\"]/Group[@ClassName=\"Button\"]"
2020-02-07 13:23:46.262,"/Pane[@ClassName=\"#32769\"][@Name=\"Desktop 1\"]/Window[@ClassName=\"#32770\"][@Name=\"Dialog\"]/Group[@ClassName=\"Button\"]"
2020-02-07 13:23:46.334,"/Pane[@ClassName=\"#32769\"][@Name=\"Desktop 1\"]/Window[@ClassName=\"#32770\"][@Name=\"Dialog\"]/Group[@ClassName=\"Button\"]"
2020-02-07 13:23:46.340,"/Pane[@ClassName=\"#32769\"][@Name=\"Desktop 1\"]/Window[@ClassName=\"#32770\"][@Name=\"Dialog\"]/Group[@ClassName=\"Button\"]"
2020-02-07 13:23:46.975,"/Pane[@ClassName=\"#32769\"][@Name=\"Desktop 1\"]/Window[@ClassName=\"#32770\"][@Name=\"Dialog\"]/MenuBar[@Name=\"Application\"][@AutomationId=\"MenuBar\"]/MenuItem[@Name=\"Project\"]"
2020-02-07 13:23:46.978,"/Pane[@ClassName=\"#32769\"][@Name=\"Desktop 1\"]/Window[@ClassName=\"#32770\"][@Name=\"Dialog\"]/MenuBar[@Name=\"Application\"][@AutomationId=\"MenuBar\"]/MenuItem[@Name=\"Project\"]"
2020-02-07 13:23:46.996,"/Pane[@ClassName=\"#32769\"][@Name=\"Desktop 1\"]/Window[@ClassName=\"#32770\"][@Name=\"Dialog\"]/Window[@ClassName=\"#32770\"][@Name=\"Open\"]/Pane[@ClassName=\"DUIViewWndClassName\"]/Pane[@Name=\"Shell Folder View\"][@AutomationId=\"listview\"]/List[@ClassName=\"UIItemsView\"][@Name=\"Items View\"]/ListItem[@ClassName=\"UIItem\"][@Name=\"test1\"]/Edit[@Name=\"Name\"][@AutomationId=\"System.ItemNameDisplay\"]"
2020-02-07 13:23:48.585,"/Pane[@ClassName=\"#32769\"][@Name=\"Desktop 1\"]/Window[@ClassName=\"#32770\"][@Name=\"Dialog\"]/Window[@ClassName=\"#32770\"][@Name=\"Open\"]/Pane[@ClassName=\"DUIViewWndClassName\"]/Pane[@Name=\"Shell Folder View\"][@AutomationId=\"listview\"]/List[@ClassName=\"UIItemsView\"][@Name=\"Items View\"]/ListItem[@ClassName=\"UIItem\"][@Name=\"test1\"]/Edit[@Name=\"Name\"][@AutomationId=\"System.ItemNameDisplay\"]"
2020-02-07 13:23:49.962,"/Pane[@ClassName=\"#32769\"][@Name=\"Desktop 1\"]/Window[@ClassName=\"#32770\"][@Name=\"Dialog\"]/MenuBar[@Name=\"Application\"][@AutomationId=\"MenuBar\"]/MenuItem[@Name=\"Project\"]"
2020-02-07 13:23:49.965,"/Pane[@ClassName=\"#32769\"][@Name=\"Desktop 1\"]/Window[@ClassName=\"#32770\"][@Name=\"Dialog\"]/MenuBar[@Name=\"Application\"][@AutomationId=\"MenuBar\"]/MenuItem[@Name=\"Project\"]"
2020-02-07 13:23:49.984,"/Pane[@ClassName=\"#32769\"][@Name=\"Desktop 1\"]/Window[@ClassName=\"#32770\"][@Name=\"Dialog\"]/Window[@ClassName=\"#32770\"][@Name=\"Open\"]/Pane[@ClassName=\"DUIViewWndClassName\"]/Pane[@Name=\"Shell Folder View\"][@AutomationId=\"listview\"]/List[@ClassName=\"UIItemsView\"][@Name=\"Items View\"]/ListItem[@ClassName=\"UIItem\"][@Name=\"test7\"]/Edit[@Name=\"Name\"][@AutomationId=\"System.ItemNameDisplay\"]"
2020-02-07 13:23:50.584,"/Pane[@ClassName=\"#32769\"][@Name=\"Desktop 1\"]/Window[@ClassName=\"#32770\"][@Name=\"Dialog\"]/Window[@ClassName=\"#32770\"][@Name=\"Open\"]/Pane[@ClassName=\"DUIViewWndClassName\"]/Pane[@Name=\"Shell Folder View\"][@AutomationId=\"listview\"]/List[@ClassName=\"UIItemsView\"][@Name=\"Items View\"]/ListItem[@ClassName=\"UIItem\"][@Name=\"test7\"]/Edit[@Name=\"Name\"][@AutomationId=\"System.ItemNameDisplay\"]"
2020-02-07 13:24:34.862,"/Pane[@ClassName=\"#32769\"][@Name=\"Desktop 1\"]/Window[@ClassName=\"#32770\"][@Name=\"Dialog\"]/MenuBar[@Name=\"Application\"][@AutomationId=\"MenuBar\"]/MenuItem[@Name=\"Project\"]"
2020-02-07 13:24:34.865,"/Pane[@ClassName=\"#32769\"][@Name=\"Desktop 1\"]/Window[@ClassName=\"#32770\"][@Name=\"Dialog\"]/MenuBar[@Name=\"Application\"][@AutomationId=\"MenuBar\"]/MenuItem[@Name=\"Project\"]"
2020-02-07 13:24:34.888,"/Pane[@ClassName=\"#32769\"][@Name=\"Desktop 1\"]/Window[@ClassName=\"#32770\"][starts-with(@Name,\"The Cold Regions Hydrological Model - D:\\CRHM\\DemoMacroTesting\\t\")]/Pane[@ClassName=\"TChartChart\"]"
2020-02-07 13:24:34.971,"/Pane[@ClassName=\"#32769\"][@Name=\"Desktop 1\"]/Window[@ClassName=\"#32770\"][starts-with(@Name,\"The Cold Regions Hydrological Model - D:\\CRHM\\DemoMacroTesting\\t\")]/Pane[@ClassName=\"TChartChart\"]"
2020-02-07 13:24:34.977,"/Pane[@ClassName=\"#32769\"][@Name=\"Desktop 1\"]/Window[@ClassName=\"#32770\"][starts-with(@Name,\"The Cold Regions Hydrological Model - D:\\CRHM\\DemoMacroTesting\\t\")]/Pane[@ClassName=\"TChartChart\"]"
2020-02-07 13:24:37.369,"/Pane[@ClassName=\"#32769\"][@Name=\"Desktop 1\"]/Window[@ClassName=\"#32770\"][@Name=\"Dialog\"]/MenuBar[@Name=\"Application\"][@AutomationId=\"MenuBar\"]/MenuItem[@Name=\"Project\"]"
2020-02-07 13:24:37.377,"/Pane[@ClassName=\"#32769\"][@Name=\"Desktop 1\"]/Window[@ClassName=\"#32770\"][@Name=\"Dialog\"]/MenuBar[@Name=\"Application\"][@AutomationId=\"MenuBar\"]/MenuItem[@Name=\"Project\"]"
2020-02-07 13:24:37.397,"/Pane[@ClassName=\"#32769\"][@Name=\"Desktop 1\"]/Window[@ClassName=\"#32770\"][@Name=\"Dialog\"]/List[@ClassName=\"ListBox\"]"
2020-02-07 13:24:43.927,"/Pane[@ClassName=\"#32769\"][@Name=\"Desktop 1\"]/Window[@ClassName=\"#32770\"][@Name=\"Dialog\"]/List[@ClassName=\"ListBox\"]"
2020-02-07 13:24:44.597,"/Pane[@ClassName=\"#32769\"][@Name=\"Desktop 1\"]/Window[@ClassName=\"#32770\"][@Name=\"Dialog\"]/List[@ClassName=\"ListBox\"]"
2020-02-07 13:24:44.603,"/Pane[@ClassName=\"#32769\"][@Name=\"Desktop 1\"]/Window[@ClassName=\"#32770\"][@Name=\"Dialog\"]/List[@ClassName=\"ListBox\"]"
2020-02-07 13:24:46.338,"/Pane[@ClassName=\"#32769\"][@Name=\"Desktop 1\"]/Window[@ClassName=\"#32770\"][@Name=\"Dialog\"]/MenuBar[@Name=\"Application\"][@AutomationId=\"MenuBar\"]/MenuItem[@Name=\"Project\"]"
2020-02-07 13:24:46.341,"/Pane[@ClassName=\"#32769\"][@Name=\"Desktop 1\"]/Window[@ClassName=\"#32770\"][@Name=\"Dialog\"]/MenuBar[@Name=\"Application\"][@AutomationId=\"MenuBar\"]/MenuItem[@Name=\"Project\"]"
2020-02-07 13:24:46.371,"/Pane[@ClassName=\"#32769\"][@Name=\"Desktop 1\"]/Window[@ClassName=\"#32770\"][@Name=\"Dialog\"]/MenuBar[@Name=\"Application\"][@AutomationId=\"MenuBar\"]/MenuItem[@Name=\"Build\"]"
2020-02-07 13:24:47.463,"/Pane[@ClassName=\"#32769\"][@Name=\"Desktop 1\"]/Window[@ClassName=\"#32770\"][@Name=\"Dialog\"]/MenuBar[@Name=\"Application\"][@AutomationId=\"MenuBar\"]/MenuItem[@Name=\"Build\"]"
2020-02-07 13:24:48.466,"/Pane[@ClassName=\"#32769\"][@Name=\"Desktop 1\"]/Window[@ClassName=\"#32770\"][@Name=\"Dialog\"]/MenuBar[@Name=\"Application\"][@AutomationId=\"MenuBar\"]/MenuItem[@Name=\"Project\"]"
2020-02-07 13:24:48.470,"/Pane[@ClassName=\"#32769\"][@Name=\"Desktop 1\"]/Window[@ClassName=\"#32770\"][@Name=\"Dialog\"]/MenuBar[@Name=\"Application\"][@AutomationId=\"MenuBar\"]/MenuItem[@Name=\"Project\"]"
2020-02-07 13:24:48.490,"/Pane[@ClassName=\"#32769\"][@Name=\"Desktop 1\"]/Window[@ClassName=\"#32770\"][@Name=\"Dialog\"]/Window[@ClassName=\"#32770\"][@Name=\"Select Modules for Model\"]/List[@ClassName=\"ListBox\"]/ListItem[@Name=\"basin\"]"
2020-02-07 13:24:48.960,"/Pane[@ClassName=\"#32769\"][@Name=\"Desktop 1\"]/Window[@ClassName=\"#32770\"][@Name=\"Dialog\"]/Window[@ClassName=\"#32770\"][@Name=\"Select Modules for Model\"]/List[@ClassName=\"ListBox\"]/ListItem[@Name=\"basin\"]"
2020-02-07 13:24:49.666,"/Pane[@ClassName=\"#32769\"][@Name=\"Desktop 1\"]/Window[@ClassName=\"#32770\"][@Name=\"Dialog\"]/MenuBar[@Name=\"Application\"][@AutomationId=\"MenuBar\"]/MenuItem[@Name=\"Project\"]"
2020-02-07 13:24:49.670,"/Pane[@ClassName=\"#32769\"][@Name=\"Desktop 1\"]/Window[@ClassName=\"#32770\"][@Name=\"Dialog\"]/MenuBar[@Name=\"Application\"][@AutomationId=\"MenuBar\"]/MenuItem[@Name=\"Project\"]"
2020-02-07 13:24:49.702,"/Pane[@ClassName=\"#32769\"][@Name=\"Desktop 1\"]/Window[@ClassName=\"#32770\"][@Name=\"Dialog\"]/Window[@ClassName=\"#32770\"][@Name=\"Select Modules for Model\"]/List[@ClassName=\"ListBox\"]/ListItem[@Name=\"obs\"]"
2020-02-07 13:24:49.792,"/Pane[@ClassName=\"#32769\"][@Name=\"Desktop 1\"]/Window[@ClassName=\"#32770\"][@Name=\"Dialog\"]/Window[@ClassName=\"#32770\"][@Name=\"Select Modules for Model\"]/List[@ClassName=\"ListBox\"]/ListItem[@Name=\"obs\"]"
2020-02-07 13:24:49.798,"/Pane[@ClassName=\"#32769\"][@Name=\"Desktop 1\"]/Window[@ClassName=\"#32770\"][@Name=\"Dialog\"]/Window[@ClassName=\"#32770\"][@Name=\"Select Modules for Model\"]/List[@ClassName=\"ListBox\"]/ListItem[@Name=\"obs\"]"
2020-02-07 13:24:51.038,"/Pane[@ClassName=\"#32769\"][@Name=\"Desktop 1\"]/Window[@ClassName=\"#32770\"][@Name=\"Dialog\"]/MenuBar[@Name=\"Application\"][@AutomationId=\"MenuBar\"]/MenuItem[@Name=\"Project\"]"
2020-02-07 13:24:51.044,"/Pane[@ClassName=\"#32769\"][@Name=\"Desktop 1\"]/Window[@ClassName=\"#32770\"][@Name=\"Dialog\"]/MenuBar[@Name=\"Application\"][@AutomationId=\"MenuBar\"]/MenuItem[@Name=\"Project\"]"
2020-02-07 13:24:51.069,"/Pane[@ClassName=\"#32769\"][@Name=\"Desktop 1\"]/Window[@ClassName=\"#32770\"][@Name=\"Dialog\"]/Window[@ClassName=\"#32770\"][@Name=\"Select Modules for Model\"]/List[@ClassName=\"ListBox\"]/ListItem[@Name=\"intcp\"]"
2020-02-07 13:24:52.367,"/Pane[@ClassName=\"#32769\"][@Name=\"Desktop 1\"]/Window[@ClassName=\"#32770\"][@Name=\"Dialog\"]/Window[@ClassName=\"#32770\"][@Name=\"Select Modules for Model\"]/List[@ClassName=\"ListBox\"]/ListItem[@Name=\"intcp\"]"
2020-02-07 13:24:53.408,"/Pane[@ClassName=\"#32769\"][@Name=\"Desktop 1\"]/Window[@ClassName=\"#32770\"][@Name=\"Dialog\"]/MenuBar[@Name=\"Application\"][@AutomationId=\"MenuBar\"]/MenuItem[@Name=\"Project\"]"
2020-02-07 13:24:53.412,"/Pane[@ClassName=\"#32769\"][@Name=\"Desktop 1\"]/Window[@ClassName=\"#32770\"][@Name=\"Dialog\"]/MenuBar[@Name=\"Application\"][@AutomationId=\"MenuBar\"]/MenuItem[@Name=\"Project\"]"
2020-02-07 13:24:53.433,"/Pane[@ClassName=\"#32769\"][@Name=\"Desktop 1\"]/Window[@ClassName=\"#32770\"][@Name=\"Dialog\"]/Window[@ClassName=\"#32770\"][@Name=\"Select Modules for Model\"]/Button[@ClassName=\"Button\"][@Name=\"&gt;&gt;\"]"
2020-02-07 13:24:54.506,"/Pane[@ClassName=\"#32769\"][@Name=\"Desktop 1\"]/Window[@ClassName=\"#32770\"][@Name=\"Dialog\"]/Window[@ClassName=\"#32770\"][@Name=\"Select Modules for Model\"]/Button[@ClassName=\"Button\"][@Name=\"&gt;&gt;\"]"
2020-02-07 13:24:54.800,"/Pane[@ClassName=\"#32769\"][@Name=\"Desktop 1\"]/Window[@ClassName=\"#32770\"][@Name=\"Dialog\"]/MenuBar[@Name=\"Application\"][@AutomationId=\"MenuBar\"]/MenuItem[@Name=\"Project\"]"
2020-02-07 13:24:54.803,"/Pane[@ClassName=\"#32769\"][@Name=\"Desktop 1\"]/Window[@ClassName=\"#32770\"][@Name=\"Dialog\"]/MenuBar[@Name=\"Application\"][@AutomationId=\"MenuBar\"]/MenuItem[@Name=\"Project\"]"
2020-02-07 13:24:54.825,"/Pane[@ClassName=\"#32769\"][@Name=\"Desktop 1\"]/Window[@ClassName=\"#32770\"][@Name=\"Dialog\"]/Window[@ClassName=\"#32770\"][@Name=\"Select Modules for Model\"]/Button[@ClassName=\"Button\"][@Name=\"Build\"]"
2020-02-07 13:24:56.391,"/Pane[@ClassName=\"#32769\"][@Name=\"Desktop 1\"]/Window[@ClassName=\"#32770\"][@Name=\"Dialog\"]/Window[@ClassName=\"#32770\"][@Name=\"Select Modules for Model\"]/Button[@ClassName=\"Button\"][@Name=\"Build\"]"
2020-02-07 13:24:56.900,"/Pane[@ClassName=\"#32769\"][@Name=\"Desktop 1\"]/Window[@ClassName=\"#32770\"][@Name=\"Dialog\"]/MenuBar[@Name=\"Application\"][@AutomationId=\"MenuBar\"]/MenuItem[@Name=\"Project\"]"
2020-02-07 13:24:56.903,"/Pane[@ClassName=\"#32769\"][@Name=\"Desktop 1\"]/Window[@ClassName=\"#32770\"][@Name=\"Dialog\"]/MenuBar[@Name=\"Application\"][@AutomationId=\"MenuBar\"]/MenuItem[@Name=\"Project\"]"
2020-02-07 13:24:56.924,"/Pane[@ClassName=\"#32769\"][@Name=\"Desktop 1\"]/Window[@ClassName=\"#32770\"][@Name=\"Dialog\"]/Window[@ClassName=\"#32770\"][@Name=\"Select Modules for Model\"]/List[@ClassName=\"SysListView32\"]"
2020-02-07 13:24:57.576,"/Pane[@ClassName=\"#32769\"][@Name=\"Desktop 1\"]/Window[@ClassName=\"#32770\"][@Name=\"Dialog\"]/Window[@ClassName=\"#32770\"][@Name=\"Select Modules for Model\"]/List[@ClassName=\"SysListView32\"]"
2020-02-07 13:25:00.551,"/Pane[@ClassName=\"#32769\"][@Name=\"Desktop 1\"]/Window[@ClassName=\"#32770\"][@Name=\"Dialog\"]/MenuBar[@Name=\"Application\"][@AutomationId=\"MenuBar\"]/MenuItem[@Name=\"Project\"]"
2020-02-07 13:25:00.554,"/Pane[@ClassName=\"#32769\"][@Name=\"Desktop 1\"]/Window[@ClassName=\"#32770\"][@Name=\"Dialog\"]/MenuBar[@Name=\"Application\"][@AutomationId=\"MenuBar\"]/MenuItem[@Name=\"Project\"]"
2020-02-07 13:25:00.576,"/Pane[@ClassName=\"#32769\"][@Name=\"Desktop 1\"]/Window[@ClassName=\"#32770\"][@Name=\"The Cold Regions Hydrological Model\"]/Pane[@ClassName=\"TChartChart\"]"
2020-02-07 13:25:04.853,"/Pane[@ClassName=\"#32769\"][@Name=\"Desktop 1\"]/Window[@ClassName=\"#32770\"][@Name=\"The Cold Regions Hydrological Model\"]/Pane[@ClassName=\"TChartChart\"]"
2020-02-07 13:25:05.000,"/Pane[@ClassName=\"#32769\"][@Name=\"Desktop 1\"]/Window[@ClassName=\"#32770\"][@Name=\"Dialog\"]/MenuBar[@Name=\"Application\"][@AutomationId=\"MenuBar\"]/MenuItem[@Name=\"Project\"]"
2020-02-07 13:25:05.004,"/Pane[@ClassName=\"#32769\"][@Name=\"Desktop 1\"]/Window[@ClassName=\"#32770\"][@Name=\"Dialog\"]/MenuBar[@Name=\"Application\"][@AutomationId=\"MenuBar\"]/MenuItem[@Name=\"Project\"]"
2020-02-07 13:25:05.025,"/Pane[@ClassName=\"#32769\"][@Name=\"Desktop 1\"]/Window[@ClassName=\"#32770\"][@Name=\"The Cold Regions Hydrological Model\"]/List[@ClassName=\"ListBox\"]"
2020-02-07 13:25:06.015,"/Pane[@ClassName=\"#32769\"][@Name=\"Desktop 1\"]/Window[@ClassName=\"#32770\"][@Name=\"The Cold Regions Hydrological Model\"]/List[@ClassName=\"ListBox\"]"
2020-02-07 13:25:18.964,"/Pane[@ClassName=\"#32769\"][@Name=\"Desktop 1\"]/Window[@ClassName=\"#32770\"][@Name=\"The Cold Regions Hydrological Model\"]/List[@ClassName=\"ListBox\"]"
2020-02-07 13:25:18.971,"/Pane[@ClassName=\"#32769\"][@Name=\"Desktop 1\"]/Window[@ClassName=\"#32770\"][@Name=\"The Cold Regions Hydrological Model\"]/List[@ClassName=\"ListBox\"]"
2020-02-07 13:25:19.581,"/Pane[@ClassName=\"#32769\"][@Name=\"Desktop 1\"]/Window[@ClassName=\"#32770\"][@Name=\"The Cold Regions Hydrological Model\"]/List[@ClassName=\"ListBox\"]"
2020-02-07 13:25:19.587,"/Pane[@ClassName=\"#32769\"][@Name=\"Desktop 1\"]/Window[@ClassName=\"#32770\"][@Name=\"The Cold Regions Hydrological Model\"]/List[@ClassName=\"ListBox\"]"
2020-02-07 13:25:20.301,"/Pane[@ClassName=\"#32769\"][@Name=\"Desktop 1\"]/Window[@ClassName=\"#32770\"][@Name=\"The Cold Regions Hydrological Model\"]/List[@ClassName=\"ListBox\"]"
2020-02-07 13:25:20.308,"/Pane[@ClassName=\"#32769\"][@Name=\"Desktop 1\"]/Window[@ClassName=\"#32770\"][@Name=\"The Cold Regions Hydrological Model\"]/List[@ClassName=\"ListBox\"]"
2020-02-07 13:25:20.925,"/Pane[@ClassName=\"#32769\"][@Name=\"Desktop 1\"]/Window[@ClassName=\"#32770\"][@Name=\"The Cold Regions Hydrological Model\"]/List[@ClassName=\"ListBox\"]"
2020-02-07 13:25:20.932,"/Pane[@ClassName=\"#32769\"][@Name=\"Desktop 1\"]/Window[@ClassName=\"#32770\"][@Name=\"The Cold Regions Hydrological Model\"]/List[@ClassName=\"ListBox\"]"
2020-02-07 13:25:21.633,"/Pane[@ClassName=\"#32769\"][@Name=\"Desktop 1\"]/Window[@ClassName=\"#32770\"][@Name=\"Dialog\"]/List[@ClassName=\"ListBox\"]"
2020-02-07 13:25:21.737,"/Pane[@ClassName=\"#32769\"][@Name=\"Desktop 1\"]/Window[@ClassName=\"#32770\"][@Name=\"Dialog\"]/MenuBar[@Name=\"Application\"][@AutomationId=\"MenuBar\"]/MenuItem[@Name=\"Project\"]"
2020-02-07 13:25:21.741,"/Pane[@ClassName=\"#32769\"][@Name=\"Desktop 1\"]/Window[@ClassName=\"#32770\"][@Name=\"Dialog\"]/MenuBar[@Name=\"Application\"][@AutomationId=\"MenuBar\"]/MenuItem[@Name=\"Project\"]"
2020-02-07 13:25:21.761,"/Pane[@ClassName=\"#32769\"][@Name=\"Desktop 1\"]/Window[@ClassName=\"#32770\"][@Name=\"Dialog\"]/List[@ClassName=\"ListBox\"]"
2020-02-07 13:25:22.902,"/Pane[@ClassName=\"#32769\"][@Name=\"Desktop 1\"]/Window[@ClassName=\"#32770\"][@Name=\"Dialog\"]/List[@ClassName=\"ListBox\"]"
2020-02-07 13:25:23.032,"/Pane[@ClassName=\"#32769\"][@Name=\"Desktop 1\"]/Window[@ClassName=\"#32770\"][@Name=\"Dialog\"]/MenuBar[@Name=\"Application\"][@AutomationId=\"MenuBar\"]/MenuItem[@Name=\"Project\"]"
2020-02-07 13:25:23.036,"/Pane[@ClassName=\"#32769\"][@Name=\"Desktop 1\"]/Window[@ClassName=\"#32770\"][@Name=\"Dialog\"]/MenuBar[@Name=\"Application\"][@AutomationId=\"MenuBar\"]/MenuItem[@Name=\"Project\"]"
2020-02-07 13:25:23.056,"/Pane[@ClassName=\"#32769\"][@Name=\"Desktop 1\"]/Window[@ClassName=\"#32770\"][@Name=\"Dialog\"]/Window[@ClassName=\"#32770\"][@Name=\"Select Modules for Model\"]/List[@ClassName=\"ListBox\"]/ListItem[@Name=\"pbsm\"]"
2020-02-07 13:25:24.816,"/Pane[@ClassName=\"#32769\"][@Name=\"Desktop 1\"]/Window[@ClassName=\"#32770\"][@Name=\"Dialog\"]/Window[@ClassName=\"#32770\"][@Name=\"Select Modules for Model\"]/List[@ClassName=\"ListBox\"]/ListItem[@Name=\"pbsm\"]"
2020-02-07 13:25:25.675,"/Pane[@ClassName=\"#32769\"][@Name=\"Desktop 1\"]/Window[@ClassName=\"#32770\"][@Name=\"Dialog\"]/MenuBar[@Name=\"Application\"][@AutomationId=\"MenuBar\"]/MenuItem[@Name=\"Project\"]"
2020-02-07 13:25:25.679,"/Pane[@ClassName=\"#32769\"][@Name=\"Desktop 1\"]/Window[@ClassName=\"#32770\"][@Name=\"Dialog\"]/MenuBar[@Name=\"Application\"][@AutomationId=\"MenuBar\"]/MenuItem[@Name=\"Project\"]"
2020-02-07 13:25:25.702,"/Pane[@ClassName=\"#32769\"][@Name=\"Desktop 1\"]/Window[@ClassName=\"#32770\"][@Name=\"Dialog\"]/Window[@ClassName=\"#32770\"][@Name=\"Select Modules for Model\"]/Button[@ClassName=\"Button\"][@Name=\"Build\"]"
2020-02-07 13:25:26.807,"/Pane[@ClassName=\"#32769\"][@Name=\"Desktop 1\"]/Window[@ClassName=\"#32770\"][@Name=\"Dialog\"]/Window[@ClassName=\"#32770\"][@Name=\"Select Modules for Model\"]/Button[@ClassName=\"Button\"][@Name=\"Build\"]"
2020-02-07 13:25:41.964,"/Pane[@ClassName=\"#32769\"][@Name=\"Desktop 1\"]/Window[@ClassName=\"#32770\"][@Name=\"Dialog\"]/MenuBar[@Name=\"Application\"][@AutomationId=\"MenuBar\"]/MenuItem[@Name=\"Project\"]"
2020-02-07 13:25:41.968,"/Pane[@ClassName=\"#32769\"][@Name=\"Desktop 1\"]/Window[@ClassName=\"#32770\"][@Name=\"Dialog\"]/MenuBar[@Name=\"Application\"][@AutomationId=\"MenuBar\"]/MenuItem[@Name=\"Project\"]"
2020-02-07 13:25:41.990,"/Pane[@ClassName=\"#32769\"][@Name=\"Desktop 1\"]/Window[@ClassName=\"#32770\"][@Name=\"The Cold Regions Hydrological Model\"]/Pane[@ClassName=\"TChartChart\"]"
2020-02-07 13:25:43.399,"/Pane[@ClassName=\"#32769\"][@Name=\"Desktop 1\"]/Window[@ClassName=\"#32770\"][@Name=\"The Cold Regions Hydrological Model\"]/Pane[@ClassName=\"TChartChart\"]"
2020-02-07 13:25:44.435,"/Pane[@ClassName=\"#32769\"][@Name=\"Desktop 1\"]/Window[@ClassName=\"#32770\"][@Name=\"Dialog\"]/MenuBar[@Name=\"Application\"][@AutomationId=\"MenuBar\"]/MenuItem[@Name=\"Project\"]"
2020-02-07 13:25:44.439,"/Pane[@ClassName=\"#32769\"][@Name=\"Desktop 1\"]/Window[@ClassName=\"#32770\"][@Name=\"Dialog\"]/MenuBar[@Name=\"Application\"][@AutomationId=\"MenuBar\"]/MenuItem[@Name=\"Project\"]"
2020-02-07 13:25:44.464,"/Pane[@ClassName=\"#32769\"][@Name=\"Desktop 1\"]/Window[@ClassName=\"#32770\"][@Name=\"The Cold Regions Hydrological Model\"]/List[@ClassName=\"ListBox\"]/ListItem[@Name=\"hru_t\"]"
2020-02-07 13:25:45.648,"/Pane[@ClassName=\"#32769\"][@Name=\"Desktop 1\"]/Window[@ClassName=\"#32770\"][@Name=\"The Cold Regions Hydrological Model\"]/List[@ClassName=\"ListBox\"]/ListItem[@Name=\"hru_t\"]"
2020-02-07 13:25:45.783,"/Pane[@ClassName=\"#32769\"][@Name=\"Desktop 1\"]/Window[@ClassName=\"#32770\"][@Name=\"Dialog\"]/MenuBar[@Name=\"Application\"][@AutomationId=\"MenuBar\"]/MenuItem[@Name=\"Project\"]"
2020-02-07 13:25:45.787,"/Pane[@ClassName=\"#32769\"][@Name=\"Desktop 1\"]/Window[@ClassName=\"#32770\"][@Name=\"Dialog\"]/MenuBar[@Name=\"Application\"][@AutomationId=\"MenuBar\"]/MenuItem[@Name=\"Project\"]"
2020-02-07 13:25:45.809,"/Pane[@ClassName=\"#32769\"][@Name=\"Desktop 1\"]/Window[@ClassName=\"#32770\"][@Name=\"The Cold Regions Hydrological Model\"]/MenuBar[@Name=\"Application\"][@AutomationId=\"MenuBar\"]"
2020-02-07 13:25:46.767,"/Pane[@ClassName=\"#32769\"][@Name=\"Desktop 1\"]/Window[@ClassName=\"#32770\"][@Name=\"The Cold Regions Hydrological Model\"]/MenuBar[@Name=\"Application\"][@AutomationId=\"MenuBar\"]"
2020-02-07 13:26:48.286,"/Pane[@ClassName=\"#32769\"][@Name=\"Desktop 1\"]/Window[@ClassName=\"#32770\"][@Name=\"Dialog\"]/MenuBar[@Name=\"Application\"][@AutomationId=\"MenuBar\"]/MenuItem[@Name=\"Project\"]"
2020-02-07 13:26:48.290,"/Pane[@ClassName=\"#32769\"][@Name=\"Desktop 1\"]/Window[@ClassName=\"#32770\"][@Name=\"Dialog\"]/MenuBar[@Name=\"Application\"][@AutomationId=\"MenuBar\"]/MenuItem[@Name=\"Project\"]"
2020-02-07 13:26:48.314,"/Pane[@ClassName=\"#32769\"][@Name=\"Desktop 1\"]/Window[@ClassName=\"#32770\"][@Name=\"The Cold Regions Hydrological Model\"]"
2020-02-07 13:26:50.369,"/Pane[@ClassName=\"#32769\"][@Name=\"Desktop 1\"]/Window[@ClassName=\"#32770\"][@Name=\"Dialog\"]/MenuBar[@Name=\"Application\"][@AutomationId=\"MenuBar\"]/MenuItem[@Name=\"Project\"]"
2020-02-07 13:26:50.373,"/Pane[@ClassName=\"#32769\"][@Name=\"Desktop 1\"]/Window[@ClassName=\"#32770\"][@Name=\"Dialog\"]/MenuBar[@Name=\"Application\"][@AutomationId=\"MenuBar\"]/MenuItem[@Name=\"Project\"]"
2020-02-07 13:26:50.396,"/Pane[@ClassName=\"#32769\"][@Name=\"Desktop 1\"]/Window[@ClassName=\"#32770\"][@Name=\"The Cold Regions Hydrological Model\"]/Window[@ClassName=\"#32770\"][@Name=\"CRHM_GUI\"]/Button[@ClassName=\"Button\"][@Name=\"No\"]"
2020-02-07 13:26:51.010,"/Pane[@ClassName=\"#32769\"][@Name=\"Desktop 1\"]/Window[@ClassName=\"#32770\"][@Name=\"The Cold Regions Hydrological Model\"]/Window[@ClassName=\"#32770\"][@Name=\"CRHM_GUI\"]/Button[@ClassName=\"Button\"][@Name=\"No\"]"
2020-02-07 13:27:06.918,"/Pane[@ClassName=\"#32769\"][@Name=\"Desktop 1\"]/Window[@ClassName=\"#32770\"][@Name=\"Dialog\"]/MenuBar[@Name=\"Application\"][@AutomationId=\"MenuBar\"]/MenuItem[@Name=\"Project\"]"
2020-02-07 13:27:06.921,"/Pane[@ClassName=\"#32769\"][@Name=\"Desktop 1\"]/Window[@ClassName=\"#32770\"][@Name=\"Dialog\"]/MenuBar[@Name=\"Application\"][@AutomationId=\"MenuBar\"]/MenuItem[@Name=\"Project\"]"
2020-02-07 13:27:06.944,"/Pane[@ClassName=\"#32769\"][@Name=\"Desktop 1\"]/Window[@ClassName=\"CabinetWClass\"][@Name=\"UIRecorder\"]/Pane[@ClassName=\"ShellTabWindowClass\"][@Name=\"UIRecorder\"]/Pane[@ClassName=\"DUIViewWndClassName\"]/Pane[@Name=\"Explorer Pane\"][@AutomationId=\"main\"]/Pane[@Name=\"Folder Layout Pane\"][@AutomationId=\"FolderLayoutContainer\"]/Pane[@Name=\"Shell Folder View\"][@AutomationId=\"listview\"]/List[@ClassName=\"UIItemsView\"][@Name=\"Items View\"]"
2020-02-07 13:27:09.338,"/Pane[@ClassName=\"#32769\"][@Name=\"Desktop 1\"]/Window[@ClassName=\"#32770\"][@Name=\"Dialog\"]/MenuBar[@Name=\"Application\"][@AutomationId=\"MenuBar\"]/MenuItem[@Name=\"Project\"]"
2020-02-07 13:27:09.342,"/Pane[@ClassName=\"#32769\"][@Name=\"Desktop 1\"]/Window[@ClassName=\"#32770\"][@Name=\"Dialog\"]/MenuBar[@Name=\"Application\"][@AutomationId=\"MenuBar\"]/MenuItem[@Name=\"Project\"]"
2020-02-07 13:27:09.366,"/Pane[@ClassName=\"#32769\"][@Name=\"Desktop 1\"]/Pane[@ClassName=\"Chrome_WidgetWin_1\"][@Name=\"UI Recorder - Google Drive - Google Chrome\"]"
